{
    "wav2vec2": {
        "average_wer": 0.28553107834829805,
        "std_wer": 0.3432737538292761,
        "average_time": 0.08996341000000001,
        "std_time": 0.2321837154379736
    },
    "whisper": {
        "average_wer": 0.44413392688864656,
        "std_wer": 0.3633041208397135,
        "average_time": 0.20526626999999997,
        "std_time": 0.04496279355397193
    },
    "semantic_momentum": {
        "average_wer": 1.0528638634757057,
        "std_wer": 0.1779996378308923,
        "average_time": 0.24618055999999996,
        "std_time": 0.04608293236965721
    }
}